,0_RfR 0,0_RfR 1,0_RfR 2,1_RfR 0,1_RfR 1,1_RfR 2,2_RfR 0,2_RfR 1,2_RfR 2,3_RfR 0,3_RfR 1,3_RfR 2,4_RfR 0,4_RfR 1,4_RfR 2,EWS_DaysToThreat,A.1_DikeIncrease 0,A.1_DikeIncrease 1,A.1_DikeIncrease 2,A.2_DikeIncrease 0,A.2_DikeIncrease 1,A.2_DikeIncrease 2,A.3_DikeIncrease 0,A.3_DikeIncrease 1,A.3_DikeIncrease 2,A.4_DikeIncrease 0,A.4_DikeIncrease 1,A.4_DikeIncrease 2,A.5_DikeIncrease 0,A.5_DikeIncrease 1,A.5_DikeIncrease 2,Expected Annual Damage,Dike Investment Costs,RfR Investment Costs,Evacuation Costs,Expected Number of Deaths
4,0,0,0,0,0,0,1,0,0,0,0,0,0,0,0,1,3,0,0,5,0,0,5,0,0,3,0,1,5,0,0,4695889.213823297,182621244.62155563,30700000.0,108.97600049829114,0.0007218004294030388
40,0,0,0,0,0,0,0,0,0,0,0,0,0,0,0,3,5,0,0,5,0,0,7,0,0,5,0,0,6,0,0,0.0,198946614.9259979,0.0,0.0,0.0
108,0,1,1,1,0,0,1,0,1,1,1,1,0,0,0,2,0,0,0,3,0,0,5,0,0,6,0,0,2,0,0,2982242.8003975814,116805784.66014239,812000000.0,97.49587659328407,0.00032167245122844275
111,1,1,1,0,0,0,1,0,1,1,0,1,0,0,0,3,0,0,0,4,0,0,5,0,0,5,0,0,3,0,0,0.0,123577268.4594543,557600000.0,0.0,0.0
118,0,1,1,0,0,0,1,1,1,0,0,0,0,0,0,1,0,0,0,3,0,0,5,0,0,5,0,0,5,0,0,2989939.616017664,124386544.220258,261300000.0,58.834271805145335,0.0007758888523250937
134,0,0,0,0,0,0,0,0,0,0,0,0,0,0,0,1,3,0,0,5,0,0,9,0,0,4,0,1,5,0,0,4435249.541954542,195912580.28795743,0.0,100.62663886582641,0.0009600597792641132
137,0,0,0,0,0,0,1,1,1,0,0,0,0,0,0,1,3,0,0,3,0,0,7,0,0,5,0,1,7,0,0,2989939.616017664,187095158.28209126,92100000.0,58.834271805145335,0.0007758888523250937
395,0,1,1,0,0,0,1,1,1,0,0,0,0,0,0,3,0,0,0,3,0,0,5,0,0,4,0,0,5,0,0,5441940.667808203,123012967.89616859,261300000.0,237.37565989196344,0.00038578946818964676
450,0,1,1,0,0,0,1,0,1,1,1,0,0,0,0,3,0,0,0,3,0,0,3,0,0,5,0,0,3,0,0,2997636.4316377495,113461029.74309593,473000000.0,121.56708215797993,0.00025992127390064206
